coorx,coory,epoch,uid
100.54837704,13.91149043,1454215943,207948928
100.55379278,13.80277919,1454215942,1972532480
99.5005101,18.2921293,1454215942,2717268210
100.64901926,13.75519283,1454215940,123440126
100.15037149,18.13328792,1454215939,3076087680
103.25904045,16.23989966,1454215939,2580599904
100.53314209,13.74472101,1454215937,472812844
102.83333,17.33333,1454215936,60620076
100.59526432,13.91679884,1454215936,1735395510
